<?xml version="1.0" encoding="utf-8" ?>
<dwsync>
<file name="myWork_bg.png" server="ryanklusman.com" local="129991399920000000" remote="129992049600000000" Dst="1" />
<file name="oup1-bw.jpg" server="ryanklusman.com" local="129991535560000000" remote="129992050200000000" Dst="1" />
<file name="myWork_bg-bak.png" server="ryanklusman.com" local="129985185980000000" remote="129992050200000000" Dst="1" />
<file name="tb1.png" server="ryanklusman.com" local="129985167380000000" remote="129992050200000000" Dst="1" />
<file name="tcw1-bw.jpg" server="ryanklusman.com" local="129991537140000000" remote="129992050200000000" Dst="1" />
<file name="tbg1-bw.jpg" server="ryanklusman.com" local="129991538320000000" remote="129992050200000000" Dst="1" />
<file name="hs1-bw.jpg" server="ryanklusman.com" local="129991539400000000" remote="129992050200000000" Dst="1" />
<file name="hive1-bw.jpg" server="ryanklusman.com" local="129991542840000000" remote="129992050200000000" Dst="1" />
<file name="unl_app1-bw.jpg" server="ryanklusman.com" local="129991544320000000" remote="129992050200000000" Dst="1" />
<file name="fast1-bw.jpg" server="ryanklusman.com" local="129991546060000000" remote="129992050200000000" Dst="1" />
<file name="tbg1.png" server="ryanklusman.com" local="129985188500000000" remote="129992050200000000" Dst="1" />
<file name="hvp1.png" server="ryanklusman.com" local="129985187280000000" remote="129992050200000000" Dst="1" />
<file name="tcw1.jpg" server="ryanklusman.com" local="129991536880000000" remote="129992050200000000" Dst="1" />
<file name="tbg1.jpg" server="ryanklusman.com" local="129991538080000000" remote="129992050200000000" Dst="1" />
<file name="hvp1.jpg" server="ryanklusman.com" local="129991532620000000" remote="129992050200000000" Dst="1" />
<file name="hvp2.jpg" server="ryanklusman.com" local="129991534220000000" remote="129992050200000000" Dst="1" />
<file name="oup1.jpg" server="ryanklusman.com" local="129991535260000000" remote="129992050200000000" Dst="1" />
<file name="hs1.jpg" server="ryanklusman.com" local="129991539160000000" remote="129992050200000000" Dst="1" />
<file name="hive1.jpg" server="ryanklusman.com" local="129991542560000000" remote="129992050200000000" Dst="1" />
<file name="fast1.jpg" server="ryanklusman.com" local="129991545860000000" remote="129992050200000000" Dst="1" />
<file name="unl_app1.jpg" server="ryanklusman.com" local="129991544040000000" remote="129992050200000000" Dst="1" />
<file name="fb1.jpg" server="ryanklusman.com" local="129985429520000000" remote="129992050200000000" Dst="1" />
<file name="jgh1.jpg" server="ryanklusman.com" local="129991416240000000" remote="129992050200000000" Dst="1" />
<file name="jgh1-bw.jpg" server="ryanklusman.com" local="129991416560000000" remote="129992050200000000" Dst="1" />
<file name="jgh2-bw.jpg" server="ryanklusman.com" local="129991489940000000" remote="129992050200000000" Dst="1" />
<file name="jgh2.jpg" server="ryanklusman.com" local="129991489780000000" remote="129992050200000000" Dst="1" />
<file name="hvp1-bw.jpg" server="ryanklusman.com" local="129991532920000000" remote="129992050200000000" Dst="1" />
<file name="hvp2-bw.jpg" server="ryanklusman.com" local="129991534540000000" remote="129992050200000000" Dst="1" />
</dwsync>