<?xml version="1.0" encoding="utf-8" ?>
<dwsync>
<file name="bg.jpg" server="ryanklusman.com" local="129990167000000000" remote="129992049600000000" Dst="1" />
<file name="circle.png" server="ryanklusman.com" local="129990300580000000" remote="129992049600000000" Dst="1" />
<file name="bg-bak.jpg" server="ryanklusman.com" local="129978321880000000" remote="129992050200000000" Dst="1" />
<file name="bg.jpeg" server="ryanklusman.com" local="129978311000000000" remote="129992050200000000" Dst="1" />
<file name="rak_logo2.png" server="ryanklusman.com" local="129978348120000000" remote="129992050200000000" Dst="1" />
<file name="goodDesign_Business.png" server="ryanklusman.com" local="129979300180000000" remote="129992050200000000" Dst="1" />
<file name="about-me.png" server="ryanklusman.com" local="129984360280000000" remote="129992050200000000" Dst="1" />
<file name="contact-me.png" server="ryanklusman.com" local="129984366240000000" remote="129992050200000000" Dst="1" />
<file name="my-work.png" server="ryanklusman.com" local="129984363580000000" remote="129992050200000000" Dst="1" />
<file name="my-image.png" server="ryanklusman.com" local="129984374700000000" remote="129992050200000000" Dst="1" />
<file name="empty-jar-txt.png" server="ryanklusman.com" local="129984524560000000" remote="129992050200000000" Dst="1" />
<file name="intro.png" server="ryanklusman.com" local="129990292480000000" remote="129992050200000000" Dst="1" />
<file name="plus.png" server="ryanklusman.com" local="129985966600000000" remote="129992050200000000" Dst="1" />
<file name="rak_logo-v1.png" server="ryanklusman.com" local="129978350960000000" remote="129992050200000000" Dst="1" />
<file name="rak_logo.png" server="ryanklusman.com" local="129990176260000000" remote="129992050200000000" Dst="1" />
</dwsync>